{
  "setup": 0.073855763,
  "prove": 13.788594169,
  "verify": 0.787465155
}