{
  "setup": 0.005483447,
  "prove": 0.789332039,
  "verify": 0.130637499
}