{
  "setup": 0.017533129,
  "prove": 2.567314022,
  "verify": 0.192489441
}