{
  "setup": 0.007822628,
  "prove": 0.940464879,
  "verify": 0.12069016
}