{
  "setup": 0.064691039,
  "prove": 9.59606365,
  "verify": 0.507538899
}