{
  "setup": 0.066983604,
  "prove": 9.573812415,
  "verify": 0.504311071
}