{
  "setup": 0.074866659,
  "prove": 10.70343352,
  "verify": 0.602098304
}