{
    "x_zero_point": 121,
    "x_scalar": 0.00744540957619465,
    "w_zero_point": 117,
    "w_scalar": 0.007244404462866532,
    "r_scalar": 0.012514749498323199,
    "bitwidth": 8,
    "lookup_ceil": 8,
    "lookup_floor": 8,
    "int_scalar": 3,
    "kernel_size": [
        11,
        11
    ],
    "input_size": [
        256,
        256
    ],
    "group_length": 1
}