{
    "x_zero_point": 125,
    "x_scalar": 0.007695729804641507,
    "w_zero_point": 190,
    "w_scalar": 0.005255408886345108,
    "r_scalar": 0.005257238110281074,
    "bitwidth": 8,
    "lookup_ceil": 2,
    "lookup_floor": 3,
    "int_scalar": 3,
    "kernel_size": [
        3,
        3
    ],
    "input_size": [
        64,
        64
    ],
    "group_length": 1
}